learn,lemp,lpart,ledu,linvest,lgov,lselfemp,leconmix,lolddep,lhousing,lhealth,lpopd,lmtravel,dmarket,dpark
9.721546,-1.055834,3.877432,2.302585,.5877866,2.079442,2.653242,4.59512,3.139833,.7654679,-.1613431,8.526326,3.077312,.9317361,6.742915
10.38921,-.6825292,4.149464,3.401197,1.686399,2.60269,2.104134,4.585988,3.325036,.8042412,-.0418642,5.620395,2.873565,4.407377,9.423351
10.16777,-.6917391,4.261271,3.020425,1.704748,2.24071,2.186051,4.588024,2.714695,.7929925,-.0429075,8.4292,3.194583,.9694613,6.850629
10.47622,-.7372969,4.160444,3.100092,2.360854,2.541602,1.064711,4.584968,3.790985,.9969487,-.0120726,7.924482,3.005683,1.803458,5.858475
9.931054,-.7452263,4.204693,2.451005,2.174752,1.960095,1.791759,4.598145,2.928524,.8458682,-.1323892,8.807631,2.970414,1.160939,6.734147
10.41238,-.5982143,4.295924,3.139833,1.410987,2.493206,1.547562,4.592085,3.104587,.8219801,-.0565704,4.818759,3.054001,4.910584,5.496228
10.50936,-.6308006,4.231204,3.206803,2.054124,2.219203,.8754688,4.602166,3.058707,.8350807,-.0242927,5.625624,2.99072,4.290623,3.399245
10.47271,-.6501883,4.200205,3.78419,2.681021,2.985682,1.667707,4.60517,3.449988,.8153648,-.0491902,6.543476,3.086487,2.140907,6.023591
9.08557,-1.418117,3.69883,2.116256,1.163151,.6418539,2.066863,4.60517,3.437208,.7490548,-.0965109,8.467529,2.791165,.4342742,7.29617
10.15199,-.8647878,4.20916,2.557227,2.360854,2.079442,,4.585988,2.370244,.8899468,-.0801261,8.096073,2.844909,.4154208,7.839854
9.407304,-.8436051,3.979682,2.727853,1.064711,1.902107,1.974081,4.563306,3.104587,.6312718,-.0899247,9.24727,2.827314,.6359506,8.24443
9.919361,-1.202146,3.937691,2.322388,1.386294,2.370244,2.174752,4.596129,2.687847,.8858315,-.2094872,8.482097,2.933857,.8350973,7.558766
10.20459,-.7107947,4.188138,3.049273,1.504077,2.533697,1.974081,4.593098,3.356897,.7275486,-.05975,8.205404,2.714695,1.341957,7.82895
10.33293,-.5819418,4.206184,2.960105,1.916923,2.104134,2.028148,4.59512,3.532226,.6286086,-.0345914,5.546938,2.99072,4.659228,8.856495
10.4484,-.59979,4.261271,2.99072,1.974081,2.014903,1.916923,4.597138,3.561046,.7608059,-.0544562,7.747019,3.144152,1.573408,9.145592
10.41858,-.6463462,4.191169,2.99072,2.681021,2.442347,2.014903,4.50976,3.511545,.81315,-.0481404,6.297812,3.169686,3.240802,10.55284
9.784479,-.6925175,4.178992,2.949688,1.481605,2.557227,1.871802,4.60517,3.091043,.9301937,-.0704225,6.979206,2.939162,2.851997,10.14635
10.35733,-.6777503,4.216562,2.517696,1.757858,2.617396,.6931472,4.600158,3.010621,.786182,-.0304592,5.722257,3.265759,7.577365,8.104621
10.32555,-.6985845,4.220977,3.086487,2.014903,2.360854,1.064711,4.592085,2.815409,.9001614,-.0283995,6.282677,3.280911,8.925094,11.22876
10.47974,-.4789253,4.391977,3.683867,2.128232,2.104134,1.84055,4.600158,2.687847,.722706,-.0314907,4.628409,3.421,10.35405,5.219983
10.34323,-.6586024,4.232656,2.646175,1.609438,2.721295,2.442347,4.588024,3.427515,.8565407,-.0232686,4.867689,3.339322,9.602642,2.647527
10.32095,-.6831827,4.22391,2.923162,1.791759,2.341806,2.140066,4.599152,3.222868,.8522854,-.0640053,4.926067,3.314186,7.627657,6.737088
10.42439,-.6425679,4.204693,3.11795,1.193922,2.747271,1.609438,4.602166,3.226844,.9062403,-.040822,4.574058,3.367296,11.49089,16.35408
10.389,-.7234744,4.154184,2.890372,.8329091,2.61007,1.458615,4.597138,3.299534,.8329091,-.0888312,4.026436,3.526361,20.97086,23.3679
10.02579,-.9384474,4.037774,2.60269,1.856298,1.757858,2.541602,4.601162,3.608212,.8175748,-.0491902,5.067846,3.397858,20.01976,22.68331
10.31629,-.6678531,4.247066,2.873565,1.84055,2.639057,2.282382,4.581902,3.210844,.9062403,-.0544562,3.96331,3.532226,14.05906,20.57536
10.40756,-.5945635,4.289089,3.144152,2.251292,2.624669,1.902107,4.577799,2.985682,.9612641,-.05975,4.904305,3.265759,7.076188,14.34189
10.42848,-.6496745,4.266896,2.949688,1.740466,2.140066,1.193922,4.599152,3.254243,.9555114,-.0502412,5.101266,3.284664,7.848448,15.1663
10.18814,-.9272014,3.901973,3.039749,.9932518,3.242592,2.397895,4.583947,3.916015,.8197798,-.0629398,1.336643,3.258096,154.5799,20.33403
10.14065,-1.016481,3.781914,2.442347,0,3.100092,2.370244,4.574711,3.795489,.7275486,-.0866478,3.584972,2.844909,169.5892,17.02828
10.20518,-.8187389,3.966511,3.049273,.9932518,2.24071,2.282382,4.584968,3.806663,.6070445,-.1154109,4.248523,2.687847,173.6164,7.519743
10.17374,-.9782301,3.858622,2.701361,2.079442,2.912351,2.04122,4.600158,3.770459,.6754923,-.0491902,3.353415,2.772589,170.2432,2.712373
10.13896,-.6730846,4.155753,3.218876,.9555114,2.509599,2.484907,4.601162,3.277145,.722706,-.0523465,4.301148,2.667228,168,7.987072
10.15976,-.9897447,3.83298,2.681021,1.193922,2.681021,2.219203,4.596129,3.906005,.6881347,-.0899247,-.099546,3.218876,145.0319,43.31284
10.19672,-.8949259,4.023564,2.687847,.9932518,2.844909,2.261763,4.55598,3.7612,.8733832,-.117658,2.243947,3.178054,127.965,20.10554
10.28585,-.7620577,4.130355,2.821379,1.064711,2.879198,1.974081,4.60517,3.430756,.8712934,-.10425,3.194889,3.11795,143.6046,17.70259
10.32177,-.7263349,4.178992,3.214868,1.88707,2.163323,1.740466,4.570579,3.218876,.9122827,-.058689,3.271975,2.906901,132.6442,7.642603
10.04529,-.7638494,4.039536,2.944439,.1823216,3.049273,2.509599,4.593098,3.693867,.6981347,-.0801261,5.095452,2.60269,148.8225,19.59567
10.32469,-.9337839,3.949319,2.939162,1.481605,3.380995,1.974081,4.60517,3.613617,.7395536,-.0844691,4.556889,3.034953,150.1421,20.03009
10.29887,-.7110746,4.102643,3.00072,1.458615,3.00072,2.104134,4.597138,3.621671,.8565407,-.0877389,4.269775,2.850706,143.6463,13.52031
9.754407,-.9973255,3.877432,2.890372,-.2231435,3.353407,2.140066,4.540098,3.487375,.8671005,-.058689,3.908262,2.646175,151.7645,21.27854
10.38406,-.757861,4.07244,2.923162,1.667707,2.687847,2.174752,4.600158,3.496508,.7202759,-.046044,3.67773,2.884801,140.8259,11.30591
10.02513,-.7835522,4.09601,3.139833,1.504077,2.667228,1.308333,4.591071,3.273364,.8858315,-.0943106,4.801483,2.701361,139.0727,8.667064
10.30075,-.6959269,4.114147,3.238678,1.791759,2.95491,1.94591,4.60517,3.8795,.6931472,-.0439519,4.968913,2.388763,134.4028,4.051425
9.648788,-.7454309,4.141546,2.104134,-.1053605,2.674149,1.722767,4.60417,2.97553,.7537718,-.1312483,4.667734,2.595255,132.0012,1.551886
10.10312,-.855223,3.992681,2.727853,1.481605,2.525729,1.987874,4.547541,3.411148,.7701083,-.0523465,3.389687,2.923162,126.9026,7.652503
10.14471,-.8313889,4.027136,2.379546,1.435084,2.572612,2.459589,4.60517,3.487375,.7584667,-.1255632,1.231427,3.161247,113.3923,17.22138
10.05895,-.7509417,4.100989,2.687847,.7419373,2.949688,.7884574,4.571613,3.484312,.8241754,-.1636961,5.367927,2.557227,103.7143,34.11803
10.28316,-.7109129,4.060443,2.895912,1.335001,2.844909,2.493206,4.60517,3.678829,.7466879,-.0640053,4.731654,2.424803,102.1329,33.32999
10.09237,-.8511402,4.084294,2.867899,.6931472,2.895912,2.572612,4.581902,3.295837,.8816993,-.0855579,2.807908,3.00072,97.9694,34.49821
10.02393,-.8860508,3.975936,2.791165,.9162908,2.862201,2.564949,4.60517,3.869116,.8671005,-.1031407,2.282888,3.194583,88.9169,20.52251
10.14506,-.935167,3.918005,2.809403,1.435084,2.74084,2.251292,4.60517,3.594569,.7839016,-.076881,1.435295,3.104587,77.89962,30.79171
10.44552,-.4194709,4.306764,4.143135,2.208274,1.902107,2.128232,4.603168,2.99072,.644482,-.0242927,9.006241,2.939162,.6603217,7.456933
10.42943,-.3973585,4.388257,4.034241,1.252763,2.261763,2.091864,4.598145,2.517696,.7466879,-.0253178,9.605007,2.995732,.7255711,7.090493
10.03933,-.6481186,4.130355,3.808882,.9932518,1.740466,1.686399,4.55598,2.76001,.3576744,-.0704225,8.349866,2.884801,.6735922,6.210016
9.94165,-.690332,4.215086,3.025291,1.84055,.7884574,1.88707,4.60517,2.459589,.8415672,-.0273712,8.881732,3.100092,.4938827,7.328262
9.893891,-.7701818,4.201703,3.508556,.8329091,1.960095,1.648659,4.599152,2.322388,.7055697,-.0544562,9.508136,2.939162,.3810106,6.840704
10.00704,-.477004,4.287716,3.552487,1.335001,1.386294,1.335001,4.598145,1.308333,.6178847,-.1009259,9.622503,2.906901,.8447939,6.684854
10.28562,-.4843357,4.264087,3.923952,1.163151,1.88707,1.974081,4.60517,3.135494,.5960855,-.040822,9.886847,2.833213,.8615128,6.150103
10.21079,-.4503037,4.373238,4.060443,1.667707,1.648659,1.740466,4.597138,1.774952,.8394097,-.0387408,10.05895,3.077312,1.064997,6.108995
10.15175,-.5467853,4.220977,3.994524,2.208274,2.014903,2.140066,4.596129,2.85647,.585005,-.058689,8.855666,2.965273,1.261524,6.324492
10.34862,-.3846531,4.411585,3.941582,1.824549,2.292535,2.322388,4.602166,2.809403,.7677907,-.026344,8.789758,2.714695,1.068118,7.274297
10.5562,-.4613222,4.369448,4.154184,1.871802,2.322388,1.987874,4.592085,2.76001,.860778,-.0439519,8.682002,3.010621,2.047817,7.613237
10.34766,-.4412299,4.320151,4.063885,2.388763,2.595255,2.116256,4.590056,3.234749,.6678294,-.0377019,8.308724,2.944439,1.605197,8.273789
10.4649,-.4898703,4.325456,3.903991,2.208274,2.197225,2.312536,4.60517,2.884801,.8219801,-.0397808,8.790071,2.867899,2.22557,8.267789
10.48347,-.6369603,4.19268,3.691376,2.341806,2.70805,1.648659,4.582925,3.394508,.8565407,-.0304592,7.929779,2.960105,3.380394,9.009911
10.19407,-.707222,4.074142,3.589059,2.174752,2.174752,1.223776,4.587006,2.525729,.9001614,-.058689,6.799338,2.766319,2.976295,7.368876
10.59803,-.6972873,4.22391,3.919991,2.442347,2.525729,2.116256,4.599152,3.104587,.9360933,-.0397808,8.032779,2.995732,3.4794,10.22663
10.27557,-.6440269,4.280824,3.65842,1.686399,2.163323,1.458615,4.599152,2.76001,.9764447,-.0242927,7.306225,2.97553,3.788868,10.07791
10.43185,-.6299291,4.166665,3.749504,2.778819,2.219203,1.193922,4.585988,3.572345,.7770286,-.036664,7.975848,3.015535,2.539449,9.292746
10.34647,-.6905546,4.189655,3.508556,2.24071,2.24071,1.686399,4.60517,2.862201,.7793249,-.0171462,8.237817,2.833213,2.118241,8.950448
10.31205,-.7163761,4.109233,4.178992,1.589235,2.525729,3.218876,4.588024,3.925926,.6097656,-.0151136,5.609715,3.535145,5.150101,8.434111
10.63912,-.7251166,4.109233,4.289089,2.459589,2.442347,1.987874,4.594109,3.732896,.8307329,-.026344,6.789273,2.821379,3.861755,10.1112
10.76924,-.6472897,4.2442,4.212128,2.415914,2.557227,2.230014,4.589041,3.246491,.8628899,-.0283995,5.770099,3.058707,7.663029,10.56695
10.60782,-.636135,4.175924,3.610918,2.821379,1.757858,2.151762,4.60517,3.720862,.7419373,-.0335568,6.537081,3.182212,5.974316,11.97124
10.34094,-.6927349,4.178992,3.178054,2.014903,2.066863,1.223776,4.598145,2.970414,.8733832,-.0747236,6.895532,3.122365,6.483206,11.67217
10.34622,-.6730981,4.18662,3.299534,1.504077,1.410987,.7419373,4.60517,3.430756,.7323679,-.0640053,7.432919,3.165475,4.353086,8.988103
10.36205,-.6421018,4.235555,3.165475,2.541602,2.163323,1.629241,4.598145,3.100092,.8649974,-.018164,7.160549,3.025291,5.569888,8.312582
10.32443,-.6672889,4.213608,3.269569,1.974081,1.667707,1.360977,4.60517,2.890372,.9162908,-.0672087,7.115981,2.674149,3.858627,6.216199
10.32263,-.5480959,4.278054,3.852273,1.960095,2.370244,1.481605,4.60517,2.95491,.8350807,-.0555127,8.189482,2.933857,2.081693,5.15769
10.53625,-.609439,4.218036,3.775057,1.960095,2.694627,2.197225,4.60517,3.374169,.7006192,-.0356272,8.562679,3.182212,1.308186,5.544998
10.34769,-.4426617,4.363099,3.508556,2.517696,1.84055,1.193922,4.596129,2.721295,.9042181,-.0534008,7.193358,2.80336,3.515655,4.670858
10.65441,-.5798032,4.302713,4.012773,2.251292,2.815409,2.251292,4.602166,3.214868,.8175748,-.0356272,7.948258,3.095578,2.878506,4.147091
10.39305,-.5487263,4.264087,4.01458,2.00148,2.587764,2.379546,4.60517,3.397858,.7006192,-.0151136,8.370834,3.063391,1.568126,5.661779
10.82862,-.5480348,4.276666,4.291828,2.572612,2.174752,2.74084,4.603168,3.349904,.7631395,-.026344,6.990084,3.030134,3.413735,3.77732
10.85455,-.7219924,4.136765,4.10759,2.557227,2.541602,2.332144,4.573679,3.779634,.737164,-.0544562,6.132884,3.100092,6.151016,.8139024
10.70587,-.5714111,4.35927,3.751854,2.433613,2.360854,2.151762,4.593098,2.95491,.9341307,-.0335568,5.705579,3.194583,7.966629,9.278977
10.11666,-.5842343,4.245634,3.871201,2.406945,2.533697,1.629241,4.511958,3.169686,.7929925,-.06935,6.343365,3.139833,9.619218,10.93069
10.49388,-.5789018,4.284965,3.65842,2.370244,2.674149,2.360854,4.574711,2.944439,1.017041,-.036664,5.454944,3.328627,12.46769,13.95953
10.84121,-.6016364,4.261271,4.174387,2.564949,2.014903,2.00148,4.593098,3.427515,.8501509,-.0314907,5.710474,3.198673,6.641983,7.306382
10.45662,-.724159,4.128746,4.025352,2.797281,2.397895,1.84055,4.600158,3.417727,.786182,-.0481404,6.51025,3.054001,10.98502,4.987682
10.62741,-.7127362,4.109233,4.22391,2.541602,2.442347,1.871802,4.584968,3.637586,.7793249,-.0161294,6.38601,3.005683,9.80861,4.13176
10.21101,-.5569382,4.295924,3.754199,1.609438,1.757858,2.564949,4.60517,3.317816,.9820785,-.026344,5.302067,2.965273,16.0716,3.11837
10.49853,-.6665911,4.166665,4.069027,1.902107,2.80336,2.406945,4.60517,3.238678,.8458682,-.0273712,5.585597,3.049273,14.46385,.5748346
10.79798,-.5198755,4.354141,4.018183,2.028148,2.476538,2.341806,4.572647,2.970414,.9535865,-.0242927,5.161045,3.152736,13.12567,4.315169
10.39992,-.5164436,4.293195,3.873282,1.871802,2.839078,1.704748,4.593098,3.198673,.8394097,-.0100503,5.132812,3.404525,16.4277,10.04484
10.36066,-.6474352,4.31882,3.433987,2.251292,2.332144,2.116256,4.59512,3.00072,.9969487,-.0618754,5.248889,3.353407,15.22046,7.037006
10.49775,-.6420892,4.168214,3.608212,2.785011,2.484907,1.458615,4.60517,3.295837,.8565407,-.0242927,6.272599,3.339322,15.55697,8.768499
10.53969,-.5480849,4.375757,3.456317,1.856298,2.667228,1.94591,4.60517,2.912351,1.096944,-.0866478,5.787573,3.242592,11.2004,12.12563
10.44903,-.6808651,4.119037,3.360375,2.04122,2.397895,1.629241,4.590056,3.11795,.7839016,-.05975,5.787921,3.332205,10.27527,13.96967
10.21226,-.7314979,4.183576,3.273364,1.916923,1.648659,2.04122,4.593098,3.38439,.8415672,-.076881,5.735311,3.113515,20.84391,10.31779
10.26806,-.7705095,4.043051,3.925926,1.902107,2.734367,2.186051,4.580877,3.85651,.751416,-.0387408,6.507807,3.077312,19.35859,6.103168
9.685518,-.6493883,4.112512,3.78646,.8329091,2.174752,2.066863,4.60517,3.269569,.7055697,-.0470916,7.832283,2.721295,18.45684,9.004181
10.51965,-.6132907,4.25703,3.901973,1.722767,2.660259,2.282382,4.600158,3.246491,.8981267,-.0345914,4.853725,3.104587,15.96587,6.794202
10.51149,-.5705345,4.314818,3.411148,1.547562,2.533697,2.302585,4.568506,3.072693,.9341307,-.0544562,4.659648,3.360375,11.07408,4.89432
10.47844,-.5586737,4.264087,3.577948,2.163323,2.714695,2.163323,4.537961,3.299534,.7561221,-.0491902,4.911773,3.514526,17.71695,5.419634
10.16996,-.7443584,4.149464,3.131137,1.568616,2.091864,1.629241,4.602166,3.421,.8940451,-.0812101,4.813013,3.459466,17.50603,4.348881
10.47144,-.6547238,4.175924,3.356897,1.987874,1.856298,2.415914,4.575741,3.580737,.7443155,-.0618754,4.823097,3.566712,22.82645,4.840894
10.33485,-.756061,4.025352,3.356897,1.547562,2.734367,2.753661,4.60517,3.775057,.7608059,-.0608122,4.430952,3.427515,21.77421,13.01812
10.20293,-.8069173,4.051785,3.387774,2.433613,2.549445,1.609438,4.60517,3.437208,.9082586,-.0010005,4.544927,3.206803,25.8383,11.42666
10.33906,-.6627929,4.144721,3.246491,1.589235,2.631889,2.230014,4.550714,3.377588,.8197798,-.0387408,3.802259,3.605498,26.40564,6.962924
10.56996,-.6272027,4.247066,3.391147,2.272126,2.639057,2.00148,4.558079,2.960105,.8960881,-.0314907,4.999546,3.520461,18.81626,10.515
9.987139,-.6313661,4.18205,3.33577,2.163323,2.360854,2.174752,4.60517,3.091043,.9102726,-.0555127,5.364476,3.246491,18.3587,7.403458
10.50202,-.7326364,4.030694,3.977811,1.902107,2.484907,2.484907,4.600158,4.097672,.7793249,-.0294288,5.071668,3.490428,15.22311,5.022028
10.48755,-.7589487,4.007333,3.802208,2.104134,2.424803,2.99072,4.598145,4.197202,.7816158,-.0222456,5.486125,3.356897,17.20762,7.127974
10.54534,-.5595601,4.330733,3.777348,2.493206,2.388763,1.931521,4.591071,3.039749,1.042042,-.0377019,5.741671,2.912351,8.112818,5.924381
10.65257,-.6379795,4.213608,3.988984,2.332144,2.397895,1.84055,4.573679,3.632309,.8153648,-.0232686,6.361402,3.039749,5.796477,2.704442
10.61764,-.6836834,4.094345,3.975936,2.379546,2.292535,1.629241,4.592085,3.828641,.6981347,-.0283995,6.317018,3.034953,7.806211,1.036049
10.09448,-.6296748,4.12552,3.624341,2.028148,2.370244,2.74084,4.594109,3.691376,.7080358,-.0470916,2.016216,3.12676,52.96186,19.39412
9.979476,-.7845435,4.079231,2.873565,.4700036,2.747271,2.00148,4.588024,3.777348,.65752,-.1120495,-.0525526,2.772589,77.07037,23.86612
10.16973,-.6831324,4.110874,3.459466,1.974081,2.901422,2.980619,4.577799,3.916015,.8020016,-.0877389,2.386401,2.617396,63.60438,2.30474
10.11545,-1.026656,3.908015,2.839078,1.481605,2.60269,2.476538,4.59512,3.360375,.9360933,-.076881,2.111928,3.493473,48.91756,7.5674
10.13575,-.8452187,4.043051,3.044523,1.526056,2.833213,2.572612,4.582925,3.273364,.980204,-.0629398,3.231767,3.226844,37.40702,10.52417
10.17099,-.7162147,4.168214,3.044523,1.223776,2.646175,2.251292,4.563306,3.299534,.9419585,-.0747236,3.589276,3.377588,23.57898,18.82396
9.535391,-.6774811,4.130355,3.575151,1.791759,2.694627,2.028148,4.599152,3.367296,.8712934,-.0314907,4.916469,2.939162,30.98191,12.77827
10.19429,-.9291716,3.977811,3.109061,2.014903,2.839078,2.370244,4.598145,3.676301,.9042181,-.0672087,4.580151,3.058707,31.89807,9.491817
10.23427,-.6051829,4.261271,3.034953,1.223776,2.388763,2.312536,4.596129,3.295837,.8109302,-.026344,4.580591,3.277145,25.30792,16.78602
10.15253,-.783249,4.07244,2.867899,1.704748,2.282382,2.70805,4.60517,3.387774,.9042181,-.0899247,.9372377,3.437208,28.6524,31.22131
10.33812,-.564516,4.278054,3.404525,1.481605,2.484907,2.230014,4.589041,2.867899,.8816993,-.0672087,3.666084,3.303217,13.81965,20.49327
10.16689,-.8322207,4.102643,2.944439,1.029619,2.833213,2.104134,4.581902,3.48124,.7202759,-.1531512,4.562109,3.246491,12.07902,11.96301
10.20917,-.6372109,4.12552,3.152736,1.193922,2.714695,2.116256,4.542231,3.453157,.7395536,-.05975,3.936681,3.277145,17.29323,9.1244
10.18584,-.8269404,4.041296,3.242592,1.526056,2.747271,1.686399,4.587006,3.430756,.7395536,-.1020327,5.32963,3.039749,26.40887,8.178399
10.35147,-.6916309,4.19268,3.490428,1.193922,2.493206,2.174752,4.566429,3.650658,.7929925,-.046044,4.274466,3.306887,20.55315,14.02367
10.0065,-.802815,4.092677,2.985682,1.029619,2.360854,2.727853,4.602166,3.532226,.8878913,-.0998204,3.728166,3.453157,35.59821,8.341074
10.15027,-.873621,4.007333,3.310543,1.098612,2.867899,3.100092,4.526127,3.7612,.8064759,-.0801261,3.624851,3.269569,44.03786,11.06466
10.03438,-.6198974,4.226834,3.988984,1.987874,2.208274,2.753661,4.583947,3.109061,.6881347,-.026344,4.837492,2.617396,38.61072,4.318739
10.60408,-.7245077,4.034241,3.949319,1.987874,2.747271,2.580217,4.518522,4.021774,.6780335,-.0429075,3.947657,2.95491,39.99199,2.316644
10.34888,-.5897777,4.237001,3.666122,1.568616,2.140066,3.148453,4.531524,3.616309,.7770286,-.0212237,4.792319,2.667228,46.16284,3.97102
10.26287,-.6478606,4.158883,3.433987,1.774952,2.251292,3.314186,4.543295,3.642836,.7153978,-.0325232,3.905562,2.980619,49.42915,14.74199
10.22875,-.650939,4.198705,3.730501,1.589235,2.923162,2.433613,4.584968,3.424263,.7080358,-.0418642,3.759241,3.377588,28.13691,12.46097
9.34871,-.9385315,3.817712,3.747149,.7419373,2.960105,3.049273,4.60517,3.563883,.7907275,-.0345914,3.977992,3.086487,24.38172,3.875218
10.12551,-.7749055,4.043051,3.754199,1.029619,2.572612,3.139833,4.568506,4.016383,.7466879,-.0397808,3.647007,3.165475,33.93516,12.23294
10.16747,-.8689618,3.931826,3.453157,-.1053605,2.091864,3.427515,4.598145,4.11741,.7323679,-.0608122,4.340238,2.879198,41.0209,12.73018
10.2416,-.6473984,4.177459,3.165475,1.335001,2.459589,2.406945,4.563306,3.54674,.7724203,-.0629398,4.451187,3.178054,31.54228,3.045437
10.13884,-.6281116,4.218036,3.246491,1.131402,2.980619,1.88707,4.579853,3.549617,.7584667,-.0954102,5.379876,2.912351,5.070194,16.12061
10.07078,-.7200918,4.168214,3.306887,1.902107,3.214868,2.091864,4.475061,3.218876,.7701083,-.036664,5.625969,2.833213,3.568671,20.24034
10.20961,-.8487113,3.983413,3.387774,1.308333,3.152736,1.856298,4.560173,3.328627,.7006192,-.0888312,6.73086,2.70805,1.663287,19.59584
10.43241,-1.05169,3.73767,3.222868,1.987874,3.446808,1.252763,4.590056,3.740048,.6205765,-.1719753,6.944949,2.76001,.8621252,18.68366
10.2756,-.8965054,4.025352,3.144152,1.163151,3.178054,.9555114,4.507557,3.618993,.8458682,-.0491902,5.857656,2.912351,3.677682,14.37635
10.33864,-.7129107,4.139955,2.928524,1.609438,3.169686,1.648659,4.570579,3.288402,.8109302,-.0833816,4.889525,3.238678,7.733922,13.02567
10.29722,-.7339349,4.092677,3.830813,1.193922,3.165475,2.302585,4.550714,3.663562,.6549259,-.0439519,6.023321,2.873565,2.500705,19.10699
10.56292,-.630176,4.174387,3.686376,2.219203,2.747271,2.140066,4.591071,3.407842,.8263661,-.026344,4.782645,3.095578,4.656925,22.59943
10.42594,-.772714,4.177459,3.306887,1.098612,3.234749,2.174752,4.60517,3.520461,.7104959,-.0512933,5.168754,3.295837,6.418287,19.93777
10.18663,-.8123816,4.063885,2.809403,.0953102,2.76001,2.753661,4.551769,3.284664,.7030975,-.098716,6.728955,3.034953,5.992967,17.21323
10.44427,-.6639799,4.19419,3.265759,1.163151,3.034953,1.504077,4.564348,3.005683,.8372475,-.0314907,5.724896,3.206803,9.46854,17.0681
10.47565,-.7307807,4.149464,2.970414,1.791759,2.753661,2.028148,4.60517,3.214868,.737164,-.0449974,4.566295,3.465736,12.27098,22.29347
10.40499,-.6560925,4.22391,3.214868,1.609438,3.034953,2.251292,4.583947,3.054001,.8020016,-.0640053,4.779843,3.453157,12.82607,21.14408
10.38208,-.6552466,4.207673,3.394508,1.029619,3.049273,1.84055,4.594109,3.370738,.8816993,-.1075852,5.25945,3.222868,9.102168,26.4359
10.47729,-.7658806,4.037774,3.532226,1.029619,3.11795,2.572612,4.546481,3.589059,.8565407,-.0304592,3.807535,3.538057,15.55815,27.30033
10.47458,-.592036,4.207673,3.797734,1.504077,3.306887,1.740466,4.558079,3.246491,.8109302,-.0387408,4.469739,3.456317,9.584475,27.50582
10.31377,-.7120889,4.143135,3.511545,1.481605,2.99072,2.04122,4.563306,3.446808,.8858315,-.0534008,3.613846,3.433987,16.10452,26.29566
10.42594,-.8045971,4.102643,3.465736,1.029619,3.254243,2.332144,4.563306,3.269569,.8816993,-.0345914,4.287663,3.254243,14.95078,25.75431
10.34699,-.6842123,4.200205,3.182212,1.335001,3.068053,2.322388,4.590056,3.030134,.9380522,-.0294288,4.60738,3.206803,8.892161,20.41304
10.33812,-.6614275,4.258446,3.058707,.6418539,2.99072,2.151762,4.587006,2.95491,1.007958,-.0470916,4.57917,3.363842,10.35065,15.11173
10.29661,-.7033876,4.177459,2.970414,.7419373,3.317816,2.631889,4.600158,3.077312,.9419585,-.05975,4.299352,3.292126,10.24415,10.13204
10.3244,-.7255002,4.18205,3.039749,1.458615,3.072693,2.028148,4.59512,2.895912,.9001614,-.071496,4.450228,3.374169,14.06365,9.385465
10.18244,-.7399785,4.122284,2.867899,.9162908,2.901422,1.568616,4.467057,3.356897,.8816993,-.0555127,3.698713,3.280911,23.2962,10.77859
10.27983,-.8874729,3.966511,2.219203,1.163151,1.824549,.7884574,4.579853,3.005683,.9516578,-.0387408,4.341068,3.218876,27.04409,20.26753
10.31414,-.7489631,4.070735,2.493206,-.356675,2.312536,2.312536,4.374498,3.543854,.8241754,-.0801261,4.543345,3.063391,23.27451,15.78665
10.35743,-.7859579,4.099332,3.238678,2.04122,3.015535,1.824549,4.566429,3.427515,.7952524,-.071496,6.671497,2.906901,19.55724,16.56158
10.27142,-.6676846,4.207673,3.206803,2.00148,2.667228,2.116256,4.578826,3.314186,.9222729,-.036664,4.778304,3.077312,17.80332,13.9031
10.31112,-.8520154,4.044804,3.317816,.8754688,2.60269,1.94591,4.53582,3.148453,.7907275,-.1731636,7.288857,2.917771,19.63668,18.49114
9.901986,-1.211411,3.955082,3.054001,1.360977,2.322388,1.824549,4.579853,2.944439,.8501509,-.0943106,8.119226,2.95491,17.8768,17.63103
9.187174,-.8647643,3.885679,3.246491,1.504077,2.564949,1.410987,4.60517,3.668677,.5766134,-.0618754,6.619568,2.557227,16.36389,18.88057
10.27729,-.7002716,4.152614,3.113515,.3364722,3.086487,2.079442,4.575741,3.421,.8981267,-.0943106,5.486733,3.00072,18.70023,23.15332
10.35198,-.7658402,4.010963,3.779634,2.04122,2.230014,2.815409,4.517431,4.025352,.6523252,-.0377019,5.580027,2.549445,34.7414,1.996209
10.2179,-.7139993,4.177459,3.277145,1.667707,2.639057,2.674149,4.588024,3.303217,.9102726,-.0661398,4.023327,3.280911,23.95886,8.442722
10.18727,-.7563319,4.10759,2.901422,1.960095,2.681021,2.151762,4.578826,3.122365,.8263661,-.06935,4.869801,2.884801,30.40106,8.508989
10.36037,-.6877916,4.165113,3.78646,2.219203,2.442347,2.727853,4.570579,3.843744,.9182888,-.0356272,5.042841,2.681021,33.86198,5.049175
10.05488,-.7580151,4.143135,3.095578,1.458615,2.292535,2.261763,4.560173,3.303217,.7584667,-.040822,7.296929,2.557227,35.82433,3.650002
10.2131,-.702309,4.07244,3.575151,2.079442,2.727853,1.704748,4.602166,3.903991,.6205765,-.0555127,5.995503,2.476538,34.31069,5.08872
10.27077,-.7301695,4.105944,3.325036,1.280934,2.459589,2.884801,4.511958,3.799973,.8480119,-.0629398,4.99451,2.928524,37.5865,1.16546
10.00505,-.6227402,4.234107,3.64545,.3364722,2.509599,2.727853,4.530447,3.955082,.9631743,-.0779615,4.640308,2.895912,36.45126,8.857906
10.09419,-.7435367,4.12552,3.182212,-1.609438,2.282382,3.258096,4.574711,3.708682,.9688832,-.046044,4.318539,3.135494,32.87223,11.8918
10.05148,-.6255575,4.162003,3.397858,.9932518,2.61007,3.597312,4.590056,3.64545,.722706,-.0512933,3.531462,2.140066,50.97856,12.6309
10.18452,-.7218134,4.110874,3.100092,1.098612,2.791165,2.809403,4.577799,3.532226,.9669839,-.0833816,3.772422,3.370738,13.77871,4.301818
10.13241,-.7027358,4.123903,3.230804,1.704748,2.332144,2.24071,4.578826,3.443618,.7952524,-.0661398,4.253509,3.186353,23.58769,6.277448
10.28079,-.7663329,4.065602,3.591818,1.629241,2.549445,2.24071,4.59512,3.901973,.7080358,-.0294288,4.739384,3.077312,21.76176,8.018934
10.33299,-.6632446,4.175924,3.781914,1.458615,2.501436,2.617396,4.590056,3.673766,.7347689,-.040822,3.957069,3.222868,21.38117,13.71298
10.17287,-.6366695,4.15732,3.280911,1.481605,2.587764,2.312536,4.572647,3.462606,.786182,-.0534008,4.601823,3.277145,20.47463,16.46892
10.17748,-.8364594,3.975936,3.591818,1.84055,2.174752,2.721295,4.593098,3.977811,.9062403,-.0910194,4.231844,3.072693,29.90509,17.52171
10.30985,-.6412511,4.09601,3.901973,1.223776,2.174752,3.218876,4.569543,4.347694,.6365768,-.0629398,4.329793,3.100092,29.71713,12.40702
10.17095,-.7152404,4.077538,3.640214,1.163151,2.901422,2.76001,4.60517,4.012773,.7884574,-.0470916,4.955063,2.99072,31.09083,8.618421
10.26218,-.8693373,3.85651,3.627004,1.871802,2.397895,2.809403,4.575741,4.450853,.5624688,-.0866478,5.446384,2.721295,32.69592,5.637467
9.956744,-.8315907,3.941582,3.11795,.3364722,2.587764,2.631889,4.571613,4.023564,.9122827,-.0629398,.3934294,3.299534,61.8723,12.97653
10.01068,-.8802611,3.964616,2.379546,.9162908,2.653242,2.00148,4.593098,3.747149,.9497255,-.0534008,3.23914,3.202746,43.53229,12.61461
10.21296,-.926904,3.955082,2.624669,.5877866,2.054124,2.322388,4.540098,3.161247,.9102726,-.0470916,4.202066,3.288402,34.29069,15.27792
9.640042,-1.032177,3.815512,2.809403,1.223776,2.61007,2.140066,4.59512,3.478158,.8691991,-.058689,4.605066,2.714695,37.69263,13.88813
10.23099,-.8900041,4.01998,2.60269,1.410987,2.424803,1.280934,4.599152,3.310543,1.004302,-.036664,3.74092,3.342862,30.57386,12.95153
10.14294,-.7661978,4.099332,2.839078,1.458615,2.587764,2.312536,4.581902,3.465736,1.054312,-.0576291,3.274433,3.468856,24.17264,19.9102
10.17451,-.7680409,4.094345,3.487375,2.04122,2.70805,2.525729,4.582925,3.668677,.8919981,-.071496,3.524836,3.328627,34.13277,13.16751
10.16165,-.6912161,4.131961,3.11795,1.252763,2.525729,2.24071,4.553877,3.380995,1.153732,-.06935,2.549508,3.380995,32.32255,19.01156
10.10643,-.8574502,4.075841,2.442347,1.740466,2.844909,2.388763,4.571613,3.222868,1.050822,-.0565704,4.467363,3.374169,21.49674,21.37951
10.04155,-1.029386,3.877432,2.687847,1.360977,2.282382,2.197225,4.60517,3.404525,.8733832,-.1519863,4.835626,3.370738,17.08731,16.26272
10.13313,-.6755933,4.203199,2.833213,1.223776,2.302585,1.856298,4.60517,2.944439,.9951019,-.0736465,4.09928,3.401197,14.05733,15.50532
10.25189,-.7793161,4.077538,2.970414,1.987874,2.76001,2.415914,4.570579,3.353407,1.096944,-.0294288,4.459051,3.471967,15.59854,10.71921
10.04949,-.7986872,4.139955,2.549445,1.504077,1.808289,2.197225,4.543295,3.561046,1.043804,-.0855579,4.69998,3.380995,21.4683,18.58209
10.20784,-.8088832,4.01458,3.095578,.7419373,2.476538,2.459589,4.450853,3.666122,.9745597,-.0491902,3.176338,3.421,30.00791,21.29724
9.979383,-.8129163,4.089332,3.356897,1.098612,2.424803,2.681021,4.592085,3.772761,.9242589,-.0387408,4.066044,3.034953,36.45509,20.52205
10.24644,-.7129989,4.160444,3.310543,1.704748,2.251292,2.667228,4.511958,3.391147,1.10194,-.071496,3.294209,3.508556,34.57575,14.69319
10.04914,-.8719398,4.01458,2.484907,1.386294,2.415914,2.493206,4.589041,3.273364,1.11678,-.058689,3.911659,3.569533,31.60739,13.7036
9.950944,-.6695464,4.188138,3.339322,1.856298,2.322388,1.824549,4.60517,2.917771,.7080358,-.0704225,8.604056,2.639057,1.565888,19.67212
10.22756,-.7688959,4.105944,3.543854,1.931521,2.833213,1.223776,4.593098,3.417727,.8522854,-.0736465,7.386645,2.839078,2.516675,21.22137
10.41274,-.5392973,4.300003,3.735286,.9932518,2.995732,1.84055,4.520701,2.85647,.8501509,-.0801261,8.41331,2.533697,.996749,19.89426
10.14006,-.7943475,4.127134,3.363842,1.740466,2.833213,1.686399,4.542231,2.70805,.690644,-.0512933,8.382257,2.549445,.4313023,19.17139
10.04568,-.5840731,4.2442,3.100092,1.686399,2.451005,1.902107,4.593098,2.312536,.8197798,-.0304592,8.925628,2.928524,1.169474,18.81965
10.33851,-.6853529,4.16356,3.688879,1.774952,2.985682,.7884574,4.588024,3.178054,.6805684,-.0888312,5.950988,2.833213,1.393781,18.47709
9.963312,-1.029435,3.975936,3.095578,.6418539,2.797281,1.667707,4.598145,3.317816,.8712934,-.0812101,6.839848,2.70805,2.627442,20.30636
10.57198,-.5446755,4.284965,3.708682,1.704748,2.116256,1.686399,4.591071,3.095578,.8372475,-.0283995,5.265276,2.995732,6.760151,12.59152
10.5228,-.734941,4.160444,3.387774,1.740466,2.778819,1.974081,4.550714,3.394508,.6881347,-.0640053,4.994602,2.944439,7.09221,14.25855
10.08901,-.5674075,4.228292,3.178054,1.740466,2.493206,1.410987,4.546481,2.476538,.8671005,-.046044,8.04015,2.74084,2.163073,17.92885
10.50985,-.6130106,4.171306,3.394508,1.791759,2.923162,1.824549,4.591071,3.618993,.81315,-.0335568,5.958148,2.862201,3.694721,17.95968
10.33582,-.6004086,4.300003,3.377588,1.029619,3.00072,1.629241,4.504244,3.058707,.8796268,-.1109316,6.400151,2.884801,4.039872,20.86443
10.21541,-.7062056,4.133565,3.624341,1.722767,2.312536,1.609438,4.5486,3.478158,.8042412,-.0725707,6.456018,2.895912,4.810557,23.52082
9.291275,-.6151178,4.127134,4.036009,1.131402,3.202746,.9555114,4.60517,2.557227,.9202827,-.0640053,7.248516,2.747271,7.678124,26.33056
10.28364,-.7435675,4.180522,4.104295,1.308333,3.374169,1.960095,4.53582,3.637586,.8649974,-.0544562,5.397656,2.714695,5.783189,24.92775
8.434246,-.9216172,3.858622,4.097672,.2623642,3.540959,1.547562,4.546481,.7884574,.7952524,-.0212237,8.127783,2.687847,9.080862,27.97179
9.92378,-.730839,4.122284,3.363842,1.064711,3.505557,.9932518,4.541165,3.139833,.8087054,-.0704225,6.742833,3.095578,10.89991,29.98923
10.08498,-.6495813,4.25703,3.377588,1.386294,2.895912,1.94591,4.565389,2.923162,.9631743,-.1232982,4.467643,2.895912,10.44251,29.40679
10.32853,-.6195986,4.206184,3.044523,1.686399,3.005683,1.526056,4.467057,3.086487,.8153648,-.0725707,3.87814,3.190476,13.57348,31.20191
10.29742,-.6908335,4.185099,3.206803,1.526056,2.639057,1.824549,4.578826,3.234749,.8197798,-.0618754,4.197716,3.161247,10.07168,24.82488
10.42231,-.5730817,4.276666,3.218876,2.128232,2.332144,1.931521,4.534748,2.960105,.8671005,-.0387408,5.075075,3.025291,5.539923,17.88131
10.23085,-.5718992,4.266896,2.74084,.6931472,2.424803,2.312536,4.588024,3.109061,.972671,-.058689,4.333875,3.222868,10.24425,16.3784
10.37374,-.6393878,4.206184,3.303217,1.589235,2.4681,1.667707,4.585988,3.33577,.8754688,-.0736465,3.904599,3.411148,12.757,9.562696
10.25892,-.6988604,4.174387,2.833213,1.360977,2.917771,2.140066,4.558079,3.339322,.8307329,-.0943106,3.685978,3.453157,19.56558,15.08532
10.2179,-.9555731,3.974058,2.933857,.8329091,2.509599,2.066863,4.571613,3.48124,.7884574,-.1109316,4.700445,3.484312,21.54127,24.34025
10.16984,-.789539,4.10759,2.85647,1.223776,2.595255,2.24071,4.504244,3.230804,1.073295,-.0877389,3.768443,3.446808,16.68536,20.47883
10.23699,-.7492169,4.037774,2.970414,1.481605,1.648659,2.208274,4.60517,3.65584,.8064759,-.0534008,3.917243,3.594569,24.59348,21.71219
10.0069,-.9337839,3.956996,2.747271,.9162908,2.939162,.7419373,4.368181,3.613617,.8109302,-.0855579,4.685391,3.446808,28.76202,14.88424
10.30015,-.9406665,3.994524,2.862201,.7884574,2.850706,1.960095,4.568506,3.443618,.9876807,-.0618754,3.435599,3.424263,21.52015,18.8424
10.32673,-.7489108,4.114147,3.025291,1.308333,2.873565,1.504077,4.561218,3.261935,.9631743,-.0758017,4.586428,3.292126,10.98668,21.62932
10.21739,-.8226812,4.085976,2.867899,.9932518,2.459589,1.856298,4.596129,3.238678,1.024248,-.06935,3.601462,3.487375,17.80961,23.03783
10.2985,-.7781491,4.063885,2.721295,1.280934,2.850706,2.014903,4.578826,3.206803,.8153648,-.0661398,2.491302,3.508556,22.26126,27.0519
10.2565,-.7730147,4.074142,2.251292,1.757858,2.230014,1.629241,4.450853,3.258096,.9222729,-.0790432,3.350246,3.730501,23.76571,34.71129
10.30642,-.9410109,3.925926,2.587764,.8329091,2.821379,1.740466,4.50976,3.632309,.8415672,-.0801261,1.920174,3.387774,36.70396,45.31388
10.15619,-1.094397,3.83298,2.219203,-.5108256,2.797281,2.493206,4.590056,3.543854,.7153978,-.1053605,1.755653,3.591818,54.73361,44.55918
10.32446,-.8959256,3.956996,2.128232,1.308333,2.681021,1.987874,4.453184,3.421,.7724203,-.05975,2.655181,3.342862,51.14174,32.11569
10.19436,-.9148037,3.960813,2.572612,.6418539,2.174752,2.04122,4.54542,3.605498,.9082586,-.076881,4.308198,3.367296,41.57063,41.02049
10.23222,-.7459692,4.144721,2.557227,1.163151,2.766319,1.974081,4.510859,3.563883,.7975072,-.0822952,4.001156,3.493473,34.47831,33.58507
9.864018,-1.052272,3.8795,2.862201,1.740466,2.873565,.9555114,4.60517,3.602777,1.085189,-.0704225,2.783291,3.295837,35.16708,26.16489
10.00397,-.8921869,3.93574,2.624669,1.386294,2.884801,2.379546,4.60517,3.895894,.6471033,-.0502412,.486955,3.025291,80.36646,1.208396
10.11525,-.9676801,3.852273,2.322388,1.774952,2.415914,2.079442,4.424847,3.964616,.6754923,-.0232686,5.986819,2.939162,58.11482,21.38738
10.18678,-.9735459,3.927896,2.484907,.8329091,2.572612,1.791759,4.558079,3.676301,.7080358,-.076881,5.549105,2.912351,59.17784,21.65818
9.971287,-.6766253,4.077538,3.407842,1.84055,2.557227,1.88707,4.506454,3.50255,.7006192,-.0387408,6.076118,2.734367,3.131242,22.23738
10.31085,-.8963954,4.007333,2.667228,.6931472,2.895912,2.261763,4.587006,3.214868,1.000632,-.0790432,3.957702,3.391147,19.28096,19.53978
10.46613,-.6645638,4.251348,3.182212,1.029619,2.61007,2.230014,4.492002,2.646175,.9458495,-.1199103,4.857651,3.238678,8.886619,25.2599
9.754292,-.8448318,4.085976,2.797281,1.308333,3.490428,1.458615,4.559126,2.970414,.9282193,-.1244301,4.710667,2.917771,12.61706,31.76026
10.13523,-.8778087,4.067316,2.766319,1.704748,2.4681,2.701361,4.55598,4.053523,.8153648,-.0544562,2.761974,3.50255,62.40439,10.26681
10.16747,-1.041454,3.747149,3.254243,,3.218876,2.476538,4.60517,4.427239,.6339278,-.1743534,-1.844931,3.178054,84.76132,25.87507
10.06356,-.8704674,3.916015,3.157,.2623642,2.995732,2.727853,4.55598,3.871201,.6418539,-.1404121,1.42643,3.391147,48.24748,10.53467
10.17542,-.9273232,3.953165,2.484907,.8754688,2.839078,2.388763,4.60517,3.433987,.8020016,-.1098148,2.276351,3.284664,42.72359,15.09857
10.13523,-.9224678,3.956996,2.525729,.6418539,2.140066,2.660259,4.412798,3.50255,.8109302,-.0965109,3.685925,3.161247,36.1399,6.881746
10.19593,-.8621336,3.974058,3.122365,1.029619,2.714695,1.791759,4.591071,3.751854,.6956441,-.1009259,4.101364,3.015535,32.12581,6.68856
10.13146,-1.075002,3.839452,2.549445,.7419373,2.895912,1.931521,4.546481,3.449988,.8307329,-.0672087,3.013121,3.173878,30.12018,13.43952
10.15549,-.9897932,3.912023,2.230014,1.098612,2.557227,2.341806,4.546481,3.78419,.7153978,-.1719753,2.707708,3.00072,40.1674,18.1274
10.35335,-.7143073,4.15732,2.928524,1.704748,2.714695,1.856298,4.55598,3.374169,.7631395,-.0050125,4.714115,3.370738,13.608,19.48826
10.28107,-.5687284,4.268298,3.404525,1.589235,2.734367,2.014903,4.582925,3.242592,.7677907,-.0640053,4.317755,3.310543,15.29019,16.64443
10.37365,-.6120472,4.189655,3.754199,1.757858,3.139833,1.84055,4.559126,3.634951,.8197798,-.0191828,5.233467,3.173878,15.09167,11.4448
10.49955,-.5984944,4.232656,3.7281,1.435084,2.312536,1.360977,4.540098,3.314186,.751416,-.0314907,6.282081,2.985682,18.03292,11.51818
10.36436,-.7012082,4.147885,3.493473,1.131402,2.501436,2.595255,4.566429,3.671225,.9262411,-.0682788,4.290479,3.11795,26.25351,9.073528
10.10447,-.7841992,4.105944,3.421,1.740466,2.186051,1.824549,4.528289,3.411148,.7129498,-.1415636,6.698501,2.99072,21.2144,13.00717
10.25745,-.6567079,4.241327,3.532226,1.481605,2.797281,2.587764,4.598145,3.190476,.8020016,-.0439519,7.082737,3.015535,24.26403,9.013748
10.46213,-.7187958,4.109233,3.577948,1.163151,2.557227,2.415914,4.53582,3.718438,.7929925,-.0304592,4.638707,3.131137,22.36767,3.532074
10.34779,-.8299454,4.027136,2.80336,.4700036,2.933857,1.704748,4.584968,3.505557,.7419373,-.1165338,2.376859,2.174752,90.32281,23.31133
9.88949,-.8468255,3.93574,2.424803,-.356675,2.61007,2.653242,4.567468,3.903991,.7104959,-.1289704,-.6962683,3.122365,89.56683,14.54816
10.05342,-1.051762,3.86073,2.653242,.5877866,2.332144,2.60269,4.572647,3.678829,.8197798,-.0439519,2.835579,3.48124,43.12519,26.06489
10.19701,-.8104289,4.039536,2.533697,.1823216,2.379546,1.629241,4.543295,3.332205,.972671,-.0576291,3.517929,3.397858,31.98516,20.75093
10.13658,-.7921692,4.092677,2.653242,1.308333,2.360854,1.960095,4.581902,3.453157,.9021918,-.0910194,3.91291,3.306887,26.79156,25.31895
10.014,-.8984861,3.996364,2.660259,1.547562,2.747271,1.84055,4.584968,3.387774,.8878913,-.076881,3.806843,3.303217,35.98225,28.84875
10.09303,-.7955005,4.11741,3.005683,.9162908,2.809403,.5877866,4.55598,3.230804,.9951019,-.0877389,4.451613,3.202746,31.51574,26.05342
10.31976,-.8033934,4.11741,2.80336,.6931472,2.501436,2.272126,4.409155,3.135494,.8837675,-.0397808,3.783868,3.411148,38.73835,33.50208
10.15327,-.8612516,3.955082,2.833213,1.435084,2.674149,2.282382,4.60517,3.552487,.7443155,-.0932124,3.14552,3.161247,45.9542,31.38032
10.18791,-.8257613,4.012773,2.965273,.8329091,2.617396,2.272126,4.597138,3.862833,.7443155,-.0629398,2.456536,3.594569,45.75741,25.84882
10.16812,-.8065671,4.191169,2.219203,1.280934,2.351375,2.332144,4.53582,3.072693,.9082586,-.0812101,4.014177,3.222868,37.45165,22.60691
10.35115,-.9453651,3.901973,2.815409,1.131402,2.509599,.9932518,4.60517,3.64545,.7884574,-.0812101,4.516132,3.198673,35.6262,30.21549
10.02655,-.8930725,3.955082,3.044523,1.931521,2.4681,2.517696,4.590056,3.770459,.7747272,-.0273712,5.28264,2.980619,33.51006,31.3289
10.09992,-.9055537,4.056989,2.862201,1.84055,2.587764,2.163323,4.579853,3.580737,.7202759,-.0779615,4.704717,3.015535,30.06393,28.57419
10.22027,-.7717876,4.166665,2.509599,.4054651,2.388763,1.609438,4.594109,2.965273,.9142887,-.0682788,4.818122,2.928524,24.26332,23.41951
10.1384,-.7062751,4.178992,2.791165,-.6931472,2.639057,2.322388,4.541165,3.380995,.9574327,-.1064723,4.189743,3.091043,29.20111,28.32476
10.15226,-.8022788,4.079231,2.862201,1.526056,2.587764,2.61007,4.590056,3.391147,.8480119,-.0273712,3.369682,3.456317,27.01717,24.86494
10.42326,-.6127826,4.220977,3.505557,1.722767,2.906901,2.174752,4.553877,2.797281,.6497176,-.0534008,4.678845,3.342862,12.2515,6.898654
10.14498,-.747851,4.100989,3.144152,1.481605,2.564949,2.4681,4.496471,3.627004,.6931472,-.0534008,4.178071,3.363842,20.99047,4.71272
10.09625,-.8896939,4.062166,3.723281,1.648659,2.714695,2.879198,4.248495,3.744787,.8522854,-.0325232,5.273477,2.895912,28.75748,4.090662
10.20847,-.6852036,4.105944,3.706228,2.104134,2.406945,2.844909,4.60517,3.835142,.7929925,-.0283995,4.092029,3.049273,34.79061,3.898194
10.1978,-.7415547,4.139955,3.157,1.84055,2.572612,2.61007,4.55703,3.377588,.8649974,-.0512933,3.591947,3.321432,28.31396,6.076765
10.26015,-.6909499,4.191169,3.190476,1.629241,2.821379,2.646175,4.60517,3.292126,.9202827,-.0565704,3.600431,3.465736,20.23847,3.659529
9.858229,-.7725856,4.077538,3.072693,1.064711,2.302585,2.424803,4.567468,3.152736,.7608059,-.0640053,3.633088,3.280911,28.03676,16.88478
10.16858,-.8012683,4.11578,3.058707,1.871802,2.701361,2.639057,4.59512,3.367296,.8415672,-.0491902,3.590393,3.328627,22.28565,5.081518
9.99017,-1.189476,3.797734,2.424803,.7419373,3.499533,2.230014,4.60517,3.62966,.8586616,-.1075852,.6659842,3.246491,56.50916,32.22366
10.14702,-.8040391,4.028917,2.727853,1.629241,2.785011,2.388763,4.583947,3.321432,.7347689,-.0736465,2.333549,3.044523,65.14896,19.49914
10.17694,-.8904423,4.010963,2.850706,1.193922,3.072693,1.223776,4.560173,3.377588,.8087054,-.071496,3.638417,2.587764,71.22514,15.40256
10.16451,-.924776,3.918005,2.61007,2.028148,2.282382,1.757858,4.55598,3.569533,.7055697,-.0232686,4.476549,2.70805,79.82761,5.372756
10.17717,-.9185023,4.036009,3.005683,1.098612,3.397858,2.388763,4.581902,3.299534,.9122827,-.0439519,3.558397,3.100092,83.96365,8.129682
9.975343,-.9362732,3.895894,3.269569,.7884574,2.827314,2.433613,4.50535,3.941582,.6392188,-.0544562,5.942137,2.617396,88.00502,.7582468
9.991178,-.9583751,3.877432,2.995732,1.722767,2.674149,3.039749,4.570579,3.73767,.7631395,-.0704225,3.037951,3.242592,82.90281,5.091595
10.17229,-.8488411,3.981549,3.12676,.9555114,3.010621,2.433613,4.567468,3.543854,.7654679,-.0790432,1.980734,3.391147,70.43697,13.04671
10.00206,-.8423986,4.000034,3.100092,1.481605,2.862201,3.131137,4.591071,3.299534,.9122827,-.1075852,3.851976,2.879198,69.34989,7.016161
9.966134,-.9562201,3.975936,3.152736,1.568616,3.020425,2.24071,4.559126,3.517498,.7347689,-.1098148,4.121939,2.549445,64.57553,8.064172
9.983545,-.8649974,4.01998,3.135494,1.131402,2.85647,3.321432,4.508659,3.830813,.7839016,-.0704225,3.012518,2.912351,60.76039,6.053479
10.13864,-.8202916,4.062166,3.12676,1.704748,2.785011,3.034953,4.440296,3.666122,.8285518,-.0888312,3.236771,3.122365,53.47444,13.34608
9.990399,-.8596437,4.039536,3.100092,.8329091,2.61007,3.173878,4.553877,3.852273,.7608059,-.0725707,3.555928,3.104587,46.86345,18.96763
10.61766,-.545507,4.298645,3.566712,2.104134,2.501436,1.568616,4.60517,3.144152,.8899468,-.0608122,5.227948,3.148453,13.07311,6.262041
10.31248,-.4983841,4.287716,3.496508,2.014903,2.341806,1.704748,4.427239,3.210844,.7929925,-.06935,6.438453,3.077312,12.50997,4.260139
10.23574,-.5821915,4.289089,3.210844,1.629241,2.639057,1.193922,4.585988,2.960105,.8480119,-.0534008,8.066658,3.169686,14.96701,4.042044
10.38527,-.7432715,4.044804,3.806663,2.4681,2.484907,2.388763,4.443827,4.046554,.7677907,-.0725707,6.622959,3.148453,14.24919,.1964402
10.47805,-.58771,4.122284,3.465736,2.24071,2.04122,1.808289,4.406719,3.650658,.6392188,-.0565704,6.76817,3.424263,11.54332,3.184988
10.07702,-.7551256,4.091006,3.328627,1.609438,2.884801,1.609438,4.441474,3.303217,.6601073,-.0866478,7.801054,3.246491,11.82899,2.567822
10.47464,-.5148135,4.337291,3.077312,1.757858,2.272126,2.163323,4.600158,2.99072,.7561221,-.0629398,5.300697,3.456317,14.31897,12.92567
10.4876,-.5737551,4.287716,3.100092,2.219203,2.572612,2.091864,4.334673,3.025291,.7952524,-.0747236,4.926846,3.433987,18.12376,15.41375
10.38307,-.6827871,4.226834,2.933857,2.341806,2.624669,1.88707,4.569543,3.034953,.8899468,-.0512933,4.49242,3.600048,23.15149,13.77305
10.30431,-.8117757,4.091006,2.95491,1.360977,2.186051,2.587764,4.579853,3.353407,.8775499,-.0544562,3.692413,3.713572,32.62433,20.76317
10.22958,-.7327667,4.197202,3.250375,1.410987,2.873565,2.186051,4.541165,3.039749,1.004302,-.058689,4.674644,3.602777,26.45221,19.12891
10.32515,-.7574756,4.085976,2.76001,1.704748,2.631889,2.230014,4.601162,3.558201,.9301937,-.0661398,4.114873,3.65584,32.18798,24.52952
10.38995,-.7109295,4.237001,2.923162,1.94591,3.068053,1.740466,4.529368,2.525729,.9082586,-.1031407,4.945134,3.79324,24.44381,19.58572
10.5333,-.6313669,4.218036,3.068053,2.014903,2.442347,2.208274,4.598145,3.246491,.9001614,-.0576291,4.708638,3.394508,21.07999,11.983
10.38989,-.5713168,4.241327,3.161247,2.04122,2.442347,1.308333,4.544358,3.238678,.9321641,-.0377019,5.699593,3.034953,17.65092,6.220724
10.18964,-.5922357,4.245634,2.867899,2.163323,1.987874,1.335001,4.600158,3.131137,.8437201,-.1199103,8.839918,3.030134,15.79426,3.911411
10.00288,-.6935379,4.239887,2.895912,1.526056,2.424803,1.280934,4.565389,2.60269,.8437201,-.0801261,8.66276,3.086487,15.70963,3.003078
10.39773,-.5703866,4.239887,3.230804,2.054124,2.091864,1.667707,4.575741,3.583519,.8064759,-.0387408,5.441722,3.226844,17.02956,2.779939
8.890135,-.5946782,4.122284,4.001864,1.335001,2.140066,1.808289,4.596129,3.157,.7104959,-.0534008,6.456161,2.985682,15.93571,2.426061
10.3476,-.6097079,4.219508,3.173878,2.251292,2.791165,1.987874,4.592085,3.072693,.7561221,-.0439519,5.160684,3.178054,20.53717,7.465344
10.62787,-.6841583,4.144721,4.037774,2.312536,2.028148,2.995732,4.584968,3.815512,.7884574,-.0439519,5.15152,3.401197,20.60567,6.310737
10.50592,-.5833043,4.306764,3.74242,2.151762,2.60269,1.589235,4.60517,2.785011,.9458495,-.0090407,5.166312,3.144152,23.47416,10.57596
10.53763,-.6930178,4.119037,3.937691,2.197225,2.797281,1.88707,4.531524,4.104295,.6830968,-.0502412,6.213151,3.12676,24.11025,10.06806
10.35176,-.7050363,4.135167,2.95491,1.722767,2.862201,2.302585,4.541165,3.65842,.7584667,-.1109316,4.716593,3.50255,26.83421,16.96215
10.26088,-.688352,4.188138,2.995732,1.648659,2.827314,2.4681,4.560173,3.321432,.8919981,-.0523465,5.99922,3.314186,31.20075,17.39194
10.18029,-.7740909,4.15732,2.747271,1.629241,2.186051,2.186051,4.589041,3.222868,.8671005,-.0888312,6.282622,3.254243,32.11379,15.26767
9.99479,-.992394,4.025352,2.617396,.1823216,2.587764,2.014903,4.560173,3.575151,.8522854,-.0844691,7.111628,3.131137,28.94153,16.19242
10.25773,-.7073245,4.162003,2.960105,1.223776,2.727853,1.757858,4.567468,3.306887,.7770286,-.0512933,6.500286,3.465736,30.93597,14.39942
10.42395,-.7319485,4.11578,3.11795,1.824549,3.194583,1.504077,4.598145,3.453157,.7251303,-.1312483,5.11705,3.328627,30.17032,12.68376
10.28326,-.6606632,4.242764,2.639057,1.131402,3.030134,1.740466,4.588024,3.202746,.9650809,-.0833816,4.71163,3.520461,37.63993,13.96864
10.38009,-.6220696,4.249923,3.424263,1.098612,3.139833,1.481605,4.533674,3.144152,.8960881,-.0899247,5.298849,3.437208,38.66813,6.237602
10.41676,-.7011481,4.189655,3.161247,2.174752,2.549445,1.856298,4.599152,3.269569,.9122827,-.0855579,4.805143,3.353407,33.9262,9.711132
10.09254,-.8683225,3.883624,3.642836,2.451005,2.322388,2.302585,4.580877,4.41401,.737164,-.0273712,5.697036,3.250375,29.75624,12.6411
10.37165,-.7984865,4.069027,3.660994,.9162908,3.265759,1.856298,4.591071,3.33577,.9535865,-.0273712,4.831106,3.277145,30.06589,11.65784
10.45173,-.5418061,4.322807,3.826465,2.163323,2.85647,2.00148,4.547541,2.879198,.9202827,-.0335568,5.430111,3.433987,38.86626,3.134802
10.72472,-.6472035,4.152614,3.919991,2.054124,2.282382,2.151762,4.60517,3.73767,.7055697,-.0335568,6.367471,3.349904,40.5545,9.714682
10.56044,-.6379563,4.207673,3.885679,1.740466,2.61007,2.379546,4.60517,3.387774,.8372475,-.0470916,4.936437,3.095578,38.48744,7.499383
10.44848,-.5666443,4.265493,3.493473,1.931521,2.587764,2.341806,4.582925,3.288402,.8671005,-.0335568,5.766366,3.186353,44.1178,4.863441
10.45961,-.7039477,4.18662,3.811097,1.386294,3.020425,2.517696,4.597138,3.62966,.7419373,-.0608122,6.440276,3.148453,48.62387,17.67258
10.50974,-.5553312,4.242764,3.594569,1.360977,3.113515,2.251292,4.60517,3.397858,.81315,-.0544562,6.067182,3.086487,44.27901,7.475628
